bond_id,bond_type,face_value,coupon_rate,maturity_date,issue_date,current_price,credit_rating,issuer,frequency,callable,convertible,time_to_maturity,years_since_issue
FINRA-FINRA-0-20100101,Corporate,1000.0,5.0,2019-12-30T00:00:00,2005-01-02T00:00:00,1000.0,BBB,Unknown,2,False,False,0,21.04312114989733
FINRA-FINRA-1-20100101,Corporate,1000.0,5.0,2019-12-30T00:00:00,2005-01-02T00:00:00,1000.0,BBB,Unknown,2,False,False,0,21.04312114989733
FINRA-FINRA-2-20100101,Corporate,1000.0,5.0,2019-12-30T00:00:00,2005-01-02T00:00:00,1000.0,BBB,Unknown,2,False,False,0,21.04312114989733
FINRA-FINRA-3-20100101,Corporate,1000.0,5.0,2019-12-30T00:00:00,2005-01-02T00:00:00,1000.0,BBB,Unknown,2,False,False,0,21.04312114989733
FINRA-FINRA-4-20100101,Corporate,1000.0,5.0,2019-12-30T00:00:00,2005-01-02T00:00:00,1000.0,BBB,Unknown,2,False,False,0,21.04312114989733
FINRA-FINRA-5-20100101,Corporate,1000.0,5.0,2019-12-30T00:00:00,2005-01-02T00:00:00,1000.0,BBB,Unknown,2,False,False,0,21.04312114989733
FINRA-FINRA-6-20100101,Corporate,1000.0,5.0,2019-12-30T00:00:00,2005-01-02T00:00:00,1000.0,BBB,Unknown,2,False,False,0,21.04312114989733
FINRA-FINRA-7-20100101,Corporate,1000.0,5.0,2019-12-30T00:00:00,2005-01-02T00:00:00,1000.0,BBB,Unknown,2,False,False,0,21.04312114989733
FINRA-FINRA-8-20100101,Corporate,1000.0,5.0,2019-12-30T00:00:00,2005-01-02T00:00:00,1000.0,BBB,Unknown,2,False,False,0,21.04312114989733
FINRA-FINRA-9-20100101,Corporate,1000.0,5.0,2019-12-30T00:00:00,2005-01-02T00:00:00,1000.0,BBB,Unknown,2,False,False,0,21.04312114989733
FINRA-FINRA-10-20100101,Corporate,1000.0,5.0,2019-12-30T00:00:00,2005-01-02T00:00:00,1000.0,BBB,Unknown,2,False,False,0,21.04312114989733
FINRA-FINRA-11-20100101,Corporate,1000.0,5.0,2019-12-30T00:00:00,2005-01-02T00:00:00,1000.0,BBB,Unknown,2,False,False,0,21.04312114989733
FINRA-FINRA-12-20100101,Corporate,1000.0,5.0,2019-12-30T00:00:00,2005-01-02T00:00:00,1000.0,BBB,Unknown,2,False,False,0,21.04312114989733
FINRA-FINRA-13-20100101,Corporate,1000.0,5.0,2019-12-30T00:00:00,2005-01-02T00:00:00,1000.0,BBB,Unknown,2,False,False,0,21.04312114989733
FINRA-FINRA-14-20100101,Corporate,1000.0,5.0,2019-12-30T00:00:00,2005-01-02T00:00:00,1000.0,BBB,Unknown,2,False,False,0,21.04312114989733
FINRA-FINRA-15-20100101,Corporate,1000.0,5.0,2019-12-30T00:00:00,2005-01-02T00:00:00,1000.0,BBB,Unknown,2,False,False,0,21.04312114989733
FINRA-FINRA-16-20100101,Corporate,1000.0,5.0,2019-12-30T00:00:00,2005-01-02T00:00:00,1000.0,BBB,Unknown,2,False,False,0,21.04312114989733
FINRA-FINRA-17-20100101,Corporate,1000.0,5.0,2019-12-30T00:00:00,2005-01-02T00:00:00,1000.0,BBB,Unknown,2,False,False,0,21.04312114989733
FINRA-FINRA-18-20100101,Corporate,1000.0,5.0,2019-12-30T00:00:00,2005-01-02T00:00:00,1000.0,BBB,Unknown,2,False,False,0,21.04312114989733
FINRA-FINRA-19-20100101,Corporate,1000.0,5.0,2019-12-30T00:00:00,2005-01-02T00:00:00,1000.0,BBB,Unknown,2,False,False,0,21.04312114989733
FINRA-FINRA-20-20100101,Corporate,1000.0,5.0,2019-12-30T00:00:00,2005-01-02T00:00:00,1000.0,BBB,Unknown,2,False,False,0,21.04312114989733
FINRA-FINRA-21-20100101,Corporate,1000.0,5.0,2019-12-30T00:00:00,2005-01-02T00:00:00,1000.0,BBB,Unknown,2,False,False,0,21.04312114989733
FINRA-FINRA-22-20100101,Corporate,1000.0,5.0,2019-12-30T00:00:00,2005-01-02T00:00:00,1000.0,BBB,Unknown,2,False,False,0,21.04312114989733
FINRA-FINRA-23-20100101,Corporate,1000.0,5.0,2019-12-30T00:00:00,2005-01-02T00:00:00,1000.0,BBB,Unknown,2,False,False,0,21.04312114989733
FINRA-FINRA-24-20100101,Corporate,1000.0,5.0,2019-12-30T00:00:00,2005-01-02T00:00:00,1000.0,BBB,Unknown,2,False,False,0,21.04312114989733
FINRA-FINRA-25-20100101,Corporate,1000.0,5.0,2019-12-30T00:00:00,2005-01-02T00:00:00,1000.0,BBB,Unknown,2,False,False,0,21.04312114989733
FINRA-FINRA-26-20100101,Corporate,1000.0,5.0,2019-12-30T00:00:00,2005-01-02T00:00:00,1000.0,BBB,Unknown,2,False,False,0,21.04312114989733
FINRA-FINRA-27-20100101,Corporate,1000.0,5.0,2019-12-30T00:00:00,2005-01-02T00:00:00,1000.0,BBB,Unknown,2,False,False,0,21.04312114989733
FINRA-FINRA-28-20100101,Corporate,1000.0,5.0,2019-12-30T00:00:00,2005-01-02T00:00:00,1000.0,BBB,Unknown,2,False,False,0,21.04312114989733
FINRA-FINRA-29-20100101,Corporate,1000.0,5.0,2019-12-30T00:00:00,2005-01-02T00:00:00,1000.0,BBB,Unknown,2,False,False,0,21.04312114989733
FINRA-FINRA-30-20100101,Corporate,1000.0,5.0,2019-12-30T00:00:00,2005-01-02T00:00:00,1000.0,BBB,Unknown,2,False,False,0,21.04312114989733
FINRA-FINRA-31-20100101,Corporate,1000.0,5.0,2019-12-30T00:00:00,2005-01-02T00:00:00,1000.0,BBB,Unknown,2,False,False,0,21.04312114989733
FINRA-FINRA-32-20100101,Corporate,1000.0,5.0,2019-12-30T00:00:00,2005-01-02T00:00:00,1000.0,BBB,Unknown,2,False,False,0,21.04312114989733
FINRA-FINRA-33-20100101,Corporate,1000.0,5.0,2019-12-30T00:00:00,2005-01-02T00:00:00,1000.0,BBB,Unknown,2,False,False,0,21.04312114989733
FINRA-FINRA-34-20100101,Corporate,1000.0,5.0,2019-12-30T00:00:00,2005-01-02T00:00:00,1000.0,BBB,Unknown,2,False,False,0,21.04312114989733
FINRA-FINRA-35-20100101,Corporate,1000.0,5.0,2019-12-30T00:00:00,2005-01-02T00:00:00,1000.0,BBB,Unknown,2,False,False,0,21.04312114989733
FINRA-FINRA-36-20100101,Corporate,1000.0,5.0,2019-12-30T00:00:00,2005-01-02T00:00:00,1000.0,BBB,Unknown,2,False,False,0,21.04312114989733
FINRA-FINRA-37-20100101,Corporate,1000.0,5.0,2019-12-30T00:00:00,2005-01-02T00:00:00,1000.0,BBB,Unknown,2,False,False,0,21.04312114989733
FINRA-FINRA-38-20100101,Corporate,1000.0,5.0,2019-12-30T00:00:00,2005-01-02T00:00:00,1000.0,BBB,Unknown,2,False,False,0,21.04312114989733
FINRA-FINRA-39-20100101,Corporate,1000.0,5.0,2019-12-30T00:00:00,2005-01-02T00:00:00,1000.0,BBB,Unknown,2,False,False,0,21.04312114989733
FINRA-FINRA-40-20100101,Corporate,1000.0,5.0,2019-12-30T00:00:00,2005-01-02T00:00:00,1000.0,BBB,Unknown,2,False,False,0,21.04312114989733
FINRA-FINRA-41-20100101,Corporate,1000.0,5.0,2019-12-30T00:00:00,2005-01-02T00:00:00,1000.0,BBB,Unknown,2,False,False,0,21.04312114989733
FINRA-FINRA-42-20100101,Corporate,1000.0,5.0,2019-12-30T00:00:00,2005-01-02T00:00:00,1000.0,BBB,Unknown,2,False,False,0,21.04312114989733
FINRA-FINRA-43-20100101,Corporate,1000.0,5.0,2019-12-30T00:00:00,2005-01-02T00:00:00,1000.0,BBB,Unknown,2,False,False,0,21.04312114989733
FINRA-FINRA-44-20100101,Corporate,1000.0,5.0,2019-12-30T00:00:00,2005-01-02T00:00:00,1000.0,BBB,Unknown,2,False,False,0,21.04312114989733
FINRA-FINRA-45-20100101,Corporate,1000.0,5.0,2019-12-30T00:00:00,2005-01-02T00:00:00,1000.0,BBB,Unknown,2,False,False,0,21.04312114989733
FINRA-FINRA-46-20100101,Corporate,1000.0,5.0,2019-12-30T00:00:00,2005-01-02T00:00:00,1000.0,BBB,Unknown,2,False,False,0,21.04312114989733
FINRA-FINRA-47-20100101,Corporate,1000.0,5.0,2019-12-30T00:00:00,2005-01-02T00:00:00,1000.0,BBB,Unknown,2,False,False,0,21.04312114989733
FINRA-FINRA-48-20100101,Corporate,1000.0,5.0,2019-12-30T00:00:00,2005-01-02T00:00:00,1000.0,BBB,Unknown,2,False,False,0,21.04312114989733
FINRA-FINRA-49-20100101,Corporate,1000.0,5.0,2019-12-30T00:00:00,2005-01-02T00:00:00,1000.0,BBB,Unknown,2,False,False,0,21.04312114989733
FINRA-FINRA-50-20100101,Corporate,1000.0,5.0,2019-12-30T00:00:00,2005-01-02T00:00:00,1000.0,BBB,Unknown,2,False,False,0,21.04312114989733
FINRA-FINRA-51-20100101,Corporate,1000.0,5.0,2019-12-30T00:00:00,2005-01-02T00:00:00,1000.0,BBB,Unknown,2,False,False,0,21.04312114989733
FINRA-FINRA-52-20100101,Corporate,1000.0,5.0,2019-12-30T00:00:00,2005-01-02T00:00:00,1000.0,BBB,Unknown,2,False,False,0,21.04312114989733
FINRA-FINRA-53-20100101,Corporate,1000.0,5.0,2019-12-30T00:00:00,2005-01-02T00:00:00,1000.0,BBB,Unknown,2,False,False,0,21.04312114989733
FINRA-FINRA-54-20100101,Corporate,1000.0,5.0,2019-12-30T00:00:00,2005-01-02T00:00:00,1000.0,BBB,Unknown,2,False,False,0,21.04312114989733
FINRA-FINRA-55-20100101,Corporate,1000.0,5.0,2019-12-30T00:00:00,2005-01-02T00:00:00,1000.0,BBB,Unknown,2,False,False,0,21.04312114989733
FINRA-FINRA-56-20100101,Corporate,1000.0,5.0,2019-12-30T00:00:00,2005-01-02T00:00:00,1000.0,BBB,Unknown,2,False,False,0,21.04312114989733
FINRA-FINRA-57-20100101,Corporate,1000.0,5.0,2019-12-30T00:00:00,2005-01-02T00:00:00,1000.0,BBB,Unknown,2,False,False,0,21.04312114989733
FINRA-FINRA-58-20100101,Corporate,1000.0,5.0,2019-12-30T00:00:00,2005-01-02T00:00:00,1000.0,BBB,Unknown,2,False,False,0,21.04312114989733
FINRA-FINRA-59-20100101,Corporate,1000.0,5.0,2019-12-30T00:00:00,2005-01-02T00:00:00,1000.0,BBB,Unknown,2,False,False,0,21.04312114989733
FINRA-FINRA-60-20100101,Corporate,1000.0,5.0,2019-12-30T00:00:00,2005-01-02T00:00:00,1000.0,BBB,Unknown,2,False,False,0,21.04312114989733
FINRA-FINRA-61-20100101,Corporate,1000.0,5.0,2019-12-30T00:00:00,2005-01-02T00:00:00,1000.0,BBB,Unknown,2,False,False,0,21.04312114989733
FINRA-FINRA-62-20100101,Corporate,1000.0,5.0,2019-12-30T00:00:00,2005-01-02T00:00:00,1000.0,BBB,Unknown,2,False,False,0,21.04312114989733
FINRA-FINRA-63-20100101,Corporate,1000.0,5.0,2019-12-30T00:00:00,2005-01-02T00:00:00,1000.0,BBB,Unknown,2,False,False,0,21.04312114989733
FINRA-FINRA-64-20100101,Corporate,1000.0,5.0,2019-12-30T00:00:00,2005-01-02T00:00:00,1000.0,BBB,Unknown,2,False,False,0,21.04312114989733
FINRA-FINRA-65-20100101,Corporate,1000.0,5.0,2019-12-30T00:00:00,2005-01-02T00:00:00,1000.0,BBB,Unknown,2,False,False,0,21.04312114989733
FINRA-FINRA-66-20100101,Corporate,1000.0,5.0,2019-12-30T00:00:00,2005-01-02T00:00:00,1000.0,BBB,Unknown,2,False,False,0,21.04312114989733
FINRA-FINRA-67-20100101,Corporate,1000.0,5.0,2019-12-30T00:00:00,2005-01-02T00:00:00,1000.0,BBB,Unknown,2,False,False,0,21.04312114989733
FINRA-FINRA-68-20100101,Corporate,1000.0,5.0,2019-12-30T00:00:00,2005-01-02T00:00:00,1000.0,BBB,Unknown,2,False,False,0,21.04312114989733
FINRA-FINRA-69-20100101,Corporate,1000.0,5.0,2019-12-30T00:00:00,2005-01-02T00:00:00,1000.0,BBB,Unknown,2,False,False,0,21.04312114989733
FINRA-FINRA-70-20100101,Corporate,1000.0,5.0,2019-12-30T00:00:00,2005-01-02T00:00:00,1000.0,BBB,Unknown,2,False,False,0,21.04312114989733
FINRA-FINRA-71-20100101,Corporate,1000.0,5.0,2019-12-30T00:00:00,2005-01-02T00:00:00,1000.0,BBB,Unknown,2,False,False,0,21.04312114989733
FINRA-FINRA-72-20100101,Corporate,1000.0,5.0,2019-12-30T00:00:00,2005-01-02T00:00:00,1000.0,BBB,Unknown,2,False,False,0,21.04312114989733
FINRA-FINRA-73-20100101,Corporate,1000.0,5.0,2019-12-30T00:00:00,2005-01-02T00:00:00,1000.0,BBB,Unknown,2,False,False,0,21.04312114989733
FINRA-FINRA-74-20100101,Corporate,1000.0,5.0,2019-12-30T00:00:00,2005-01-02T00:00:00,1000.0,BBB,Unknown,2,False,False,0,21.04312114989733
FINRA-FINRA-75-20100101,Corporate,1000.0,5.0,2019-12-30T00:00:00,2005-01-02T00:00:00,1000.0,BBB,Unknown,2,False,False,0,21.04312114989733
FINRA-FINRA-76-20100101,Corporate,1000.0,5.0,2019-12-30T00:00:00,2005-01-02T00:00:00,1000.0,BBB,Unknown,2,False,False,0,21.04312114989733
FINRA-FINRA-77-20100101,Corporate,1000.0,5.0,2019-12-30T00:00:00,2005-01-02T00:00:00,1000.0,BBB,Unknown,2,False,False,0,21.04312114989733
FINRA-FINRA-78-20100101,Corporate,1000.0,5.0,2019-12-30T00:00:00,2005-01-02T00:00:00,1000.0,BBB,Unknown,2,False,False,0,21.04312114989733
FINRA-FINRA-79-20100101,Corporate,1000.0,5.0,2019-12-30T00:00:00,2005-01-02T00:00:00,1000.0,BBB,Unknown,2,False,False,0,21.04312114989733
FINRA-FINRA-80-20100101,Corporate,1000.0,5.0,2019-12-30T00:00:00,2005-01-02T00:00:00,1000.0,BBB,Unknown,2,False,False,0,21.04312114989733
FINRA-FINRA-81-20100101,Corporate,1000.0,5.0,2019-12-30T00:00:00,2005-01-02T00:00:00,1000.0,BBB,Unknown,2,False,False,0,21.04312114989733
FINRA-FINRA-82-20100101,Corporate,1000.0,5.0,2019-12-30T00:00:00,2005-01-02T00:00:00,1000.0,BBB,Unknown,2,False,False,0,21.04312114989733
FINRA-FINRA-83-20100101,Corporate,1000.0,5.0,2019-12-30T00:00:00,2005-01-02T00:00:00,1000.0,BBB,Unknown,2,False,False,0,21.04312114989733
FINRA-FINRA-84-20100101,Corporate,1000.0,5.0,2019-12-30T00:00:00,2005-01-02T00:00:00,1000.0,BBB,Unknown,2,False,False,0,21.04312114989733
FINRA-FINRA-85-20100101,Corporate,1000.0,5.0,2019-12-30T00:00:00,2005-01-02T00:00:00,1000.0,BBB,Unknown,2,False,False,0,21.04312114989733
FINRA-FINRA-86-20100101,Corporate,1000.0,5.0,2019-12-30T00:00:00,2005-01-02T00:00:00,1000.0,BBB,Unknown,2,False,False,0,21.04312114989733
FINRA-FINRA-87-20100101,Corporate,1000.0,5.0,2019-12-30T00:00:00,2005-01-02T00:00:00,1000.0,BBB,Unknown,2,False,False,0,21.04312114989733
FINRA-FINRA-88-20100101,Corporate,1000.0,5.0,2019-12-30T00:00:00,2005-01-02T00:00:00,1000.0,BBB,Unknown,2,False,False,0,21.04312114989733
FINRA-FINRA-89-20100101,Corporate,1000.0,5.0,2019-12-30T00:00:00,2005-01-02T00:00:00,1000.0,BBB,Unknown,2,False,False,0,21.04312114989733
FINRA-FINRA-90-20100101,Corporate,1000.0,5.0,2019-12-30T00:00:00,2005-01-02T00:00:00,1000.0,BBB,Unknown,2,False,False,0,21.04312114989733
FINRA-FINRA-91-20100101,Corporate,1000.0,5.0,2019-12-30T00:00:00,2005-01-02T00:00:00,1000.0,BBB,Unknown,2,False,False,0,21.04312114989733
FINRA-FINRA-92-20100101,Corporate,1000.0,5.0,2019-12-30T00:00:00,2005-01-02T00:00:00,1000.0,BBB,Unknown,2,False,False,0,21.04312114989733
FINRA-FINRA-93-20100101,Corporate,1000.0,5.0,2019-12-30T00:00:00,2005-01-02T00:00:00,1000.0,BBB,Unknown,2,False,False,0,21.04312114989733
FINRA-FINRA-94-20100101,Corporate,1000.0,5.0,2019-12-30T00:00:00,2005-01-02T00:00:00,1000.0,BBB,Unknown,2,False,False,0,21.04312114989733
FINRA-FINRA-95-20100101,Corporate,1000.0,5.0,2019-12-30T00:00:00,2005-01-02T00:00:00,1000.0,BBB,Unknown,2,False,False,0,21.04312114989733
FINRA-FINRA-96-20100101,Corporate,1000.0,5.0,2019-12-30T00:00:00,2005-01-02T00:00:00,1000.0,BBB,Unknown,2,False,False,0,21.04312114989733
FINRA-FINRA-97-20100101,Corporate,1000.0,5.0,2019-12-30T00:00:00,2005-01-02T00:00:00,1000.0,BBB,Unknown,2,False,False,0,21.04312114989733
FINRA-FINRA-98-20100101,Corporate,1000.0,5.0,2019-12-30T00:00:00,2005-01-02T00:00:00,1000.0,BBB,Unknown,2,False,False,0,21.04312114989733
FINRA-FINRA-99-20100101,Corporate,1000.0,5.0,2019-12-30T00:00:00,2005-01-02T00:00:00,1000.0,BBB,Unknown,2,False,False,0,21.04312114989733
FINRA-FINRA-100-20100101,Corporate,1000.0,5.0,2019-12-30T00:00:00,2005-01-02T00:00:00,1000.0,BBB,Unknown,2,False,False,0,21.04312114989733
FINRA-FINRA-101-20100101,Corporate,1000.0,5.0,2019-12-30T00:00:00,2005-01-02T00:00:00,1000.0,BBB,Unknown,2,False,False,0,21.04312114989733
FINRA-FINRA-102-20100101,Corporate,1000.0,5.0,2019-12-30T00:00:00,2005-01-02T00:00:00,1000.0,BBB,Unknown,2,False,False,0,21.04312114989733
FINRA-FINRA-103-20100101,Corporate,1000.0,5.0,2019-12-30T00:00:00,2005-01-02T00:00:00,1000.0,BBB,Unknown,2,False,False,0,21.04312114989733
FINRA-FINRA-104-20100101,Corporate,1000.0,5.0,2019-12-30T00:00:00,2005-01-02T00:00:00,1000.0,BBB,Unknown,2,False,False,0,21.04312114989733
FINRA-FINRA-105-20100101,Corporate,1000.0,5.0,2019-12-30T00:00:00,2005-01-02T00:00:00,1000.0,BBB,Unknown,2,False,False,0,21.04312114989733
FINRA-FINRA-106-20100101,Corporate,1000.0,5.0,2019-12-30T00:00:00,2005-01-02T00:00:00,1000.0,BBB,Unknown,2,False,False,0,21.04312114989733
FINRA-FINRA-107-20100101,Corporate,1000.0,5.0,2019-12-30T00:00:00,2005-01-02T00:00:00,1000.0,BBB,Unknown,2,False,False,0,21.04312114989733
FINRA-FINRA-108-20100101,Corporate,1000.0,5.0,2019-12-30T00:00:00,2005-01-02T00:00:00,1000.0,BBB,Unknown,2,False,False,0,21.04312114989733
FINRA-FINRA-109-20100101,Corporate,1000.0,5.0,2019-12-30T00:00:00,2005-01-02T00:00:00,1000.0,BBB,Unknown,2,False,False,0,21.04312114989733
FINRA-FINRA-110-20100101,Corporate,1000.0,5.0,2019-12-30T00:00:00,2005-01-02T00:00:00,1000.0,BBB,Unknown,2,False,False,0,21.04312114989733
FINRA-FINRA-111-20100101,Corporate,1000.0,5.0,2019-12-30T00:00:00,2005-01-02T00:00:00,1000.0,BBB,Unknown,2,False,False,0,21.04312114989733
FINRA-FINRA-112-20100101,Corporate,1000.0,5.0,2019-12-30T00:00:00,2005-01-02T00:00:00,1000.0,BBB,Unknown,2,False,False,0,21.04312114989733
FINRA-FINRA-113-20100101,Corporate,1000.0,5.0,2019-12-30T00:00:00,2005-01-02T00:00:00,1000.0,BBB,Unknown,2,False,False,0,21.04312114989733
FINRA-FINRA-114-20100101,Corporate,1000.0,5.0,2019-12-30T00:00:00,2005-01-02T00:00:00,1000.0,BBB,Unknown,2,False,False,0,21.04312114989733
FINRA-FINRA-115-20100101,Corporate,1000.0,5.0,2019-12-30T00:00:00,2005-01-02T00:00:00,1000.0,BBB,Unknown,2,False,False,0,21.04312114989733
FINRA-FINRA-116-20100101,Corporate,1000.0,5.0,2019-12-30T00:00:00,2005-01-02T00:00:00,1000.0,BBB,Unknown,2,False,False,0,21.04312114989733
FINRA-FINRA-117-20100101,Corporate,1000.0,5.0,2019-12-30T00:00:00,2005-01-02T00:00:00,1000.0,BBB,Unknown,2,False,False,0,21.04312114989733
FINRA-FINRA-118-20100101,Corporate,1000.0,5.0,2019-12-30T00:00:00,2005-01-02T00:00:00,1000.0,BBB,Unknown,2,False,False,0,21.04312114989733
FINRA-FINRA-119-20100101,Corporate,1000.0,5.0,2019-12-30T00:00:00,2005-01-02T00:00:00,1000.0,BBB,Unknown,2,False,False,0,21.04312114989733
FINRA-FINRA-120-20100101,Corporate,1000.0,5.0,2019-12-30T00:00:00,2005-01-02T00:00:00,1000.0,BBB,Unknown,2,False,False,0,21.04312114989733
FINRA-FINRA-121-20100101,Corporate,1000.0,5.0,2019-12-30T00:00:00,2005-01-02T00:00:00,1000.0,BBB,Unknown,2,False,False,0,21.04312114989733
FINRA-FINRA-122-20100101,Corporate,1000.0,5.0,2019-12-30T00:00:00,2005-01-02T00:00:00,1000.0,BBB,Unknown,2,False,False,0,21.04312114989733
FINRA-FINRA-123-20100101,Corporate,1000.0,5.0,2019-12-30T00:00:00,2005-01-02T00:00:00,1000.0,BBB,Unknown,2,False,False,0,21.04312114989733
FINRA-FINRA-124-20100101,Corporate,1000.0,5.0,2019-12-30T00:00:00,2005-01-02T00:00:00,1000.0,BBB,Unknown,2,False,False,0,21.04312114989733
FINRA-FINRA-125-20100101,Corporate,1000.0,5.0,2019-12-30T00:00:00,2005-01-02T00:00:00,1000.0,BBB,Unknown,2,False,False,0,21.04312114989733
FINRA-FINRA-126-20100101,Corporate,1000.0,5.0,2019-12-30T00:00:00,2005-01-02T00:00:00,1000.0,BBB,Unknown,2,False,False,0,21.04312114989733
FINRA-FINRA-127-20100101,Corporate,1000.0,5.0,2019-12-30T00:00:00,2005-01-02T00:00:00,1000.0,BBB,Unknown,2,False,False,0,21.04312114989733
FINRA-FINRA-128-20100101,Corporate,1000.0,5.0,2019-12-30T00:00:00,2005-01-02T00:00:00,1000.0,BBB,Unknown,2,False,False,0,21.04312114989733
FINRA-FINRA-129-20100101,Corporate,1000.0,5.0,2019-12-30T00:00:00,2005-01-02T00:00:00,1000.0,BBB,Unknown,2,False,False,0,21.04312114989733
FINRA-FINRA-130-20100101,Corporate,1000.0,5.0,2019-12-30T00:00:00,2005-01-02T00:00:00,1000.0,BBB,Unknown,2,False,False,0,21.04312114989733
FINRA-FINRA-131-20100101,Corporate,1000.0,5.0,2019-12-30T00:00:00,2005-01-02T00:00:00,1000.0,BBB,Unknown,2,False,False,0,21.04312114989733
FINRA-FINRA-132-20100101,Corporate,1000.0,5.0,2019-12-30T00:00:00,2005-01-02T00:00:00,1000.0,BBB,Unknown,2,False,False,0,21.04312114989733
FINRA-FINRA-133-20100101,Corporate,1000.0,5.0,2019-12-30T00:00:00,2005-01-02T00:00:00,1000.0,BBB,Unknown,2,False,False,0,21.04312114989733
FINRA-FINRA-134-20100101,Corporate,1000.0,5.0,2019-12-30T00:00:00,2005-01-02T00:00:00,1000.0,BBB,Unknown,2,False,False,0,21.04312114989733
FINRA-FINRA-135-20100101,Corporate,1000.0,5.0,2019-12-30T00:00:00,2005-01-02T00:00:00,1000.0,BBB,Unknown,2,False,False,0,21.04312114989733
FINRA-FINRA-136-20100101,Corporate,1000.0,5.0,2019-12-30T00:00:00,2005-01-02T00:00:00,1000.0,BBB,Unknown,2,False,False,0,21.04312114989733
FINRA-FINRA-137-20100101,Corporate,1000.0,5.0,2019-12-30T00:00:00,2005-01-02T00:00:00,1000.0,BBB,Unknown,2,False,False,0,21.04312114989733
FINRA-FINRA-138-20100101,Corporate,1000.0,5.0,2019-12-30T00:00:00,2005-01-02T00:00:00,1000.0,BBB,Unknown,2,False,False,0,21.04312114989733
FINRA-FINRA-139-20100101,Corporate,1000.0,5.0,2019-12-30T00:00:00,2005-01-02T00:00:00,1000.0,BBB,Unknown,2,False,False,0,21.04312114989733
FINRA-FINRA-140-20100101,Corporate,1000.0,5.0,2019-12-30T00:00:00,2005-01-02T00:00:00,1000.0,BBB,Unknown,2,False,False,0,21.04312114989733
FINRA-FINRA-141-20100101,Corporate,1000.0,5.0,2019-12-30T00:00:00,2005-01-02T00:00:00,1000.0,BBB,Unknown,2,False,False,0,21.04312114989733
FINRA-FINRA-142-20100101,Corporate,1000.0,5.0,2019-12-30T00:00:00,2005-01-02T00:00:00,1000.0,BBB,Unknown,2,False,False,0,21.04312114989733
FINRA-FINRA-143-20100101,Corporate,1000.0,5.0,2019-12-30T00:00:00,2005-01-02T00:00:00,1000.0,BBB,Unknown,2,False,False,0,21.04312114989733
FINRA-FINRA-144-20100101,Corporate,1000.0,5.0,2019-12-30T00:00:00,2005-01-02T00:00:00,1000.0,BBB,Unknown,2,False,False,0,21.04312114989733
FINRA-FINRA-145-20100101,Corporate,1000.0,5.0,2019-12-30T00:00:00,2005-01-02T00:00:00,1000.0,BBB,Unknown,2,False,False,0,21.04312114989733
FINRA-FINRA-146-20100101,Corporate,1000.0,5.0,2019-12-30T00:00:00,2005-01-02T00:00:00,1000.0,BBB,Unknown,2,False,False,0,21.04312114989733
FINRA-FINRA-147-20100101,Corporate,1000.0,5.0,2019-12-30T00:00:00,2005-01-02T00:00:00,1000.0,BBB,Unknown,2,False,False,0,21.04312114989733
FINRA-FINRA-148-20100101,Corporate,1000.0,5.0,2019-12-30T00:00:00,2005-01-02T00:00:00,1000.0,BBB,Unknown,2,False,False,0,21.04312114989733
FINRA-FINRA-149-20100101,Corporate,1000.0,5.0,2019-12-30T00:00:00,2005-01-02T00:00:00,1000.0,BBB,Unknown,2,False,False,0,21.04312114989733
FINRA-FINRA-150-20100101,Corporate,1000.0,5.0,2019-12-30T00:00:00,2005-01-02T00:00:00,1000.0,BBB,Unknown,2,False,False,0,21.04312114989733
FINRA-FINRA-151-20100101,Corporate,1000.0,5.0,2019-12-30T00:00:00,2005-01-02T00:00:00,1000.0,BBB,Unknown,2,False,False,0,21.04312114989733
FINRA-FINRA-152-20100101,Corporate,1000.0,5.0,2019-12-30T00:00:00,2005-01-02T00:00:00,1000.0,BBB,Unknown,2,False,False,0,21.04312114989733
FINRA-FINRA-153-20100101,Corporate,1000.0,5.0,2019-12-30T00:00:00,2005-01-02T00:00:00,1000.0,BBB,Unknown,2,False,False,0,21.04312114989733
FINRA-FINRA-154-20100101,Corporate,1000.0,5.0,2019-12-30T00:00:00,2005-01-02T00:00:00,1000.0,BBB,Unknown,2,False,False,0,21.04312114989733
FINRA-FINRA-155-20100101,Corporate,1000.0,5.0,2019-12-30T00:00:00,2005-01-02T00:00:00,1000.0,BBB,Unknown,2,False,False,0,21.04312114989733
FINRA-FINRA-156-20100101,Corporate,1000.0,5.0,2019-12-30T00:00:00,2005-01-02T00:00:00,1000.0,BBB,Unknown,2,False,False,0,21.04312114989733
FINRA-FINRA-157-20100101,Corporate,1000.0,5.0,2019-12-30T00:00:00,2005-01-02T00:00:00,1000.0,BBB,Unknown,2,False,False,0,21.04312114989733
FINRA-FINRA-158-20100101,Corporate,1000.0,5.0,2019-12-30T00:00:00,2005-01-02T00:00:00,1000.0,BBB,Unknown,2,False,False,0,21.04312114989733
FINRA-FINRA-159-20100101,Corporate,1000.0,5.0,2019-12-30T00:00:00,2005-01-02T00:00:00,1000.0,BBB,Unknown,2,False,False,0,21.04312114989733
FINRA-FINRA-160-20100101,Corporate,1000.0,5.0,2019-12-30T00:00:00,2005-01-02T00:00:00,1000.0,BBB,Unknown,2,False,False,0,21.04312114989733
FINRA-FINRA-161-20100101,Corporate,1000.0,5.0,2019-12-30T00:00:00,2005-01-02T00:00:00,1000.0,BBB,Unknown,2,False,False,0,21.04312114989733
FINRA-FINRA-162-20100101,Corporate,1000.0,5.0,2019-12-30T00:00:00,2005-01-02T00:00:00,1000.0,BBB,Unknown,2,False,False,0,21.04312114989733
FINRA-FINRA-163-20100101,Corporate,1000.0,5.0,2019-12-30T00:00:00,2005-01-02T00:00:00,1000.0,BBB,Unknown,2,False,False,0,21.04312114989733
FINRA-FINRA-164-20100101,Corporate,1000.0,5.0,2019-12-30T00:00:00,2005-01-02T00:00:00,1000.0,BBB,Unknown,2,False,False,0,21.04312114989733
FINRA-FINRA-165-20100101,Corporate,1000.0,5.0,2019-12-30T00:00:00,2005-01-02T00:00:00,1000.0,BBB,Unknown,2,False,False,0,21.04312114989733
FINRA-FINRA-166-20100101,Corporate,1000.0,5.0,2019-12-30T00:00:00,2005-01-02T00:00:00,1000.0,BBB,Unknown,2,False,False,0,21.04312114989733
FINRA-FINRA-167-20100101,Corporate,1000.0,5.0,2019-12-30T00:00:00,2005-01-02T00:00:00,1000.0,BBB,Unknown,2,False,False,0,21.04312114989733
FINRA-FINRA-168-20100101,Corporate,1000.0,5.0,2019-12-30T00:00:00,2005-01-02T00:00:00,1000.0,BBB,Unknown,2,False,False,0,21.04312114989733
FINRA-FINRA-169-20100101,Corporate,1000.0,5.0,2019-12-30T00:00:00,2005-01-02T00:00:00,1000.0,BBB,Unknown,2,False,False,0,21.04312114989733
FINRA-FINRA-170-20100101,Corporate,1000.0,5.0,2019-12-30T00:00:00,2005-01-02T00:00:00,1000.0,BBB,Unknown,2,False,False,0,21.04312114989733
FINRA-FINRA-171-20100101,Corporate,1000.0,5.0,2019-12-30T00:00:00,2005-01-02T00:00:00,1000.0,BBB,Unknown,2,False,False,0,21.04312114989733
FINRA-FINRA-172-20100101,Corporate,1000.0,5.0,2019-12-30T00:00:00,2005-01-02T00:00:00,1000.0,BBB,Unknown,2,False,False,0,21.04312114989733
FINRA-FINRA-173-20100101,Corporate,1000.0,5.0,2019-12-30T00:00:00,2005-01-02T00:00:00,1000.0,BBB,Unknown,2,False,False,0,21.04312114989733
FINRA-FINRA-174-20100101,Corporate,1000.0,5.0,2019-12-30T00:00:00,2005-01-02T00:00:00,1000.0,BBB,Unknown,2,False,False,0,21.04312114989733
FINRA-FINRA-175-20100101,Corporate,1000.0,5.0,2019-12-30T00:00:00,2005-01-02T00:00:00,1000.0,BBB,Unknown,2,False,False,0,21.04312114989733
FINRA-FINRA-176-20100101,Corporate,1000.0,5.0,2019-12-30T00:00:00,2005-01-02T00:00:00,1000.0,BBB,Unknown,2,False,False,0,21.04312114989733
FINRA-FINRA-177-20100101,Corporate,1000.0,5.0,2019-12-30T00:00:00,2005-01-02T00:00:00,1000.0,BBB,Unknown,2,False,False,0,21.04312114989733
FINRA-FINRA-178-20100101,Corporate,1000.0,5.0,2019-12-30T00:00:00,2005-01-02T00:00:00,1000.0,BBB,Unknown,2,False,False,0,21.04312114989733
FINRA-FINRA-179-20100101,Corporate,1000.0,5.0,2019-12-30T00:00:00,2005-01-02T00:00:00,1000.0,BBB,Unknown,2,False,False,0,21.04312114989733
FINRA-FINRA-180-20100101,Corporate,1000.0,5.0,2019-12-30T00:00:00,2005-01-02T00:00:00,1000.0,BBB,Unknown,2,False,False,0,21.04312114989733
FINRA-FINRA-181-20100101,Corporate,1000.0,5.0,2019-12-30T00:00:00,2005-01-02T00:00:00,1000.0,BBB,Unknown,2,False,False,0,21.04312114989733
FINRA-FINRA-182-20100101,Corporate,1000.0,5.0,2019-12-30T00:00:00,2005-01-02T00:00:00,1000.0,BBB,Unknown,2,False,False,0,21.04312114989733
FINRA-FINRA-183-20100101,Corporate,1000.0,5.0,2019-12-30T00:00:00,2005-01-02T00:00:00,1000.0,BBB,Unknown,2,False,False,0,21.04312114989733
FINRA-FINRA-184-20100101,Corporate,1000.0,5.0,2019-12-30T00:00:00,2005-01-02T00:00:00,1000.0,BBB,Unknown,2,False,False,0,21.04312114989733
FINRA-FINRA-185-20100101,Corporate,1000.0,5.0,2019-12-30T00:00:00,2005-01-02T00:00:00,1000.0,BBB,Unknown,2,False,False,0,21.04312114989733
FINRA-FINRA-186-20100101,Corporate,1000.0,5.0,2019-12-30T00:00:00,2005-01-02T00:00:00,1000.0,BBB,Unknown,2,False,False,0,21.04312114989733
FINRA-FINRA-187-20100101,Corporate,1000.0,5.0,2019-12-30T00:00:00,2005-01-02T00:00:00,1000.0,BBB,Unknown,2,False,False,0,21.04312114989733
FINRA-FINRA-188-20100101,Corporate,1000.0,5.0,2019-12-30T00:00:00,2005-01-02T00:00:00,1000.0,BBB,Unknown,2,False,False,0,21.04312114989733
FINRA-FINRA-189-20100101,Corporate,1000.0,5.0,2019-12-30T00:00:00,2005-01-02T00:00:00,1000.0,BBB,Unknown,2,False,False,0,21.04312114989733
FINRA-FINRA-190-20100101,Corporate,1000.0,5.0,2019-12-30T00:00:00,2005-01-02T00:00:00,1000.0,BBB,Unknown,2,False,False,0,21.04312114989733
FINRA-FINRA-191-20100101,Corporate,1000.0,5.0,2019-12-30T00:00:00,2005-01-02T00:00:00,1000.0,BBB,Unknown,2,False,False,0,21.04312114989733
FINRA-FINRA-192-20100101,Corporate,1000.0,5.0,2019-12-30T00:00:00,2005-01-02T00:00:00,1000.0,BBB,Unknown,2,False,False,0,21.04312114989733
FINRA-FINRA-193-20100101,Corporate,1000.0,5.0,2019-12-30T00:00:00,2005-01-02T00:00:00,1000.0,BBB,Unknown,2,False,False,0,21.04312114989733
FINRA-FINRA-194-20100101,Corporate,1000.0,5.0,2019-12-30T00:00:00,2005-01-02T00:00:00,1000.0,BBB,Unknown,2,False,False,0,21.04312114989733
FINRA-FINRA-195-20100101,Corporate,1000.0,5.0,2019-12-30T00:00:00,2005-01-02T00:00:00,1000.0,BBB,Unknown,2,False,False,0,21.04312114989733
FINRA-FINRA-196-20100101,Corporate,1000.0,5.0,2019-12-30T00:00:00,2005-01-02T00:00:00,1000.0,BBB,Unknown,2,False,False,0,21.04312114989733
FINRA-FINRA-197-20100101,Corporate,1000.0,5.0,2019-12-30T00:00:00,2005-01-02T00:00:00,1000.0,BBB,Unknown,2,False,False,0,21.04312114989733
FINRA-FINRA-198-20100101,Corporate,1000.0,5.0,2019-12-30T00:00:00,2005-01-02T00:00:00,1000.0,BBB,Unknown,2,False,False,0,21.04312114989733
FINRA-FINRA-199-20100101,Corporate,1000.0,5.0,2019-12-30T00:00:00,2005-01-02T00:00:00,1000.0,BBB,Unknown,2,False,False,0,21.04312114989733
FINRA-FINRA-200-20100101,Corporate,1000.0,5.0,2019-12-30T00:00:00,2005-01-02T00:00:00,1000.0,BBB,Unknown,2,False,False,0,21.04312114989733
FINRA-FINRA-201-20100101,Corporate,1000.0,5.0,2019-12-30T00:00:00,2005-01-02T00:00:00,1000.0,BBB,Unknown,2,False,False,0,21.04312114989733
FINRA-FINRA-202-20100101,Corporate,1000.0,5.0,2019-12-30T00:00:00,2005-01-02T00:00:00,1000.0,BBB,Unknown,2,False,False,0,21.04312114989733
FINRA-FINRA-203-20100101,Corporate,1000.0,5.0,2019-12-30T00:00:00,2005-01-02T00:00:00,1000.0,BBB,Unknown,2,False,False,0,21.04312114989733
FINRA-FINRA-204-20100101,Corporate,1000.0,5.0,2019-12-30T00:00:00,2005-01-02T00:00:00,1000.0,BBB,Unknown,2,False,False,0,21.04312114989733
FINRA-FINRA-205-20100101,Corporate,1000.0,5.0,2019-12-30T00:00:00,2005-01-02T00:00:00,1000.0,BBB,Unknown,2,False,False,0,21.04312114989733
FINRA-FINRA-206-20100101,Corporate,1000.0,5.0,2019-12-30T00:00:00,2005-01-02T00:00:00,1000.0,BBB,Unknown,2,False,False,0,21.04312114989733
FINRA-FINRA-207-20100101,Corporate,1000.0,5.0,2019-12-30T00:00:00,2005-01-02T00:00:00,1000.0,BBB,Unknown,2,False,False,0,21.04312114989733
FINRA-FINRA-208-20100101,Corporate,1000.0,5.0,2019-12-30T00:00:00,2005-01-02T00:00:00,1000.0,BBB,Unknown,2,False,False,0,21.04312114989733
FINRA-FINRA-209-20100101,Corporate,1000.0,5.0,2019-12-30T00:00:00,2005-01-02T00:00:00,1000.0,BBB,Unknown,2,False,False,0,21.04312114989733
FINRA-FINRA-210-20100101,Corporate,1000.0,5.0,2019-12-30T00:00:00,2005-01-02T00:00:00,1000.0,BBB,Unknown,2,False,False,0,21.04312114989733
FINRA-FINRA-211-20100101,Corporate,1000.0,5.0,2019-12-30T00:00:00,2005-01-02T00:00:00,1000.0,BBB,Unknown,2,False,False,0,21.04312114989733
FINRA-FINRA-212-20100101,Corporate,1000.0,5.0,2019-12-30T00:00:00,2005-01-02T00:00:00,1000.0,BBB,Unknown,2,False,False,0,21.04312114989733
FINRA-FINRA-213-20100101,Corporate,1000.0,5.0,2019-12-30T00:00:00,2005-01-02T00:00:00,1000.0,BBB,Unknown,2,False,False,0,21.04312114989733
FINRA-FINRA-214-20100101,Corporate,1000.0,5.0,2019-12-30T00:00:00,2005-01-02T00:00:00,1000.0,BBB,Unknown,2,False,False,0,21.04312114989733
FINRA-FINRA-215-20100101,Corporate,1000.0,5.0,2019-12-30T00:00:00,2005-01-02T00:00:00,1000.0,BBB,Unknown,2,False,False,0,21.04312114989733
FINRA-FINRA-216-20100101,Corporate,1000.0,5.0,2019-12-30T00:00:00,2005-01-02T00:00:00,1000.0,BBB,Unknown,2,False,False,0,21.04312114989733
FINRA-FINRA-217-20100101,Corporate,1000.0,5.0,2019-12-30T00:00:00,2005-01-02T00:00:00,1000.0,BBB,Unknown,2,False,False,0,21.04312114989733
FINRA-FINRA-218-20100101,Corporate,1000.0,5.0,2019-12-30T00:00:00,2005-01-02T00:00:00,1000.0,BBB,Unknown,2,False,False,0,21.04312114989733
FINRA-FINRA-219-20100101,Corporate,1000.0,5.0,2019-12-30T00:00:00,2005-01-02T00:00:00,1000.0,BBB,Unknown,2,False,False,0,21.04312114989733
FINRA-FINRA-220-20100101,Corporate,1000.0,5.0,2019-12-30T00:00:00,2005-01-02T00:00:00,1000.0,BBB,Unknown,2,False,False,0,21.04312114989733
FINRA-FINRA-221-20100101,Corporate,1000.0,5.0,2019-12-30T00:00:00,2005-01-02T00:00:00,1000.0,BBB,Unknown,2,False,False,0,21.04312114989733
FINRA-FINRA-222-20100101,Corporate,1000.0,5.0,2019-12-30T00:00:00,2005-01-02T00:00:00,1000.0,BBB,Unknown,2,False,False,0,21.04312114989733
FINRA-FINRA-223-20100101,Corporate,1000.0,5.0,2019-12-30T00:00:00,2005-01-02T00:00:00,1000.0,BBB,Unknown,2,False,False,0,21.04312114989733
FINRA-FINRA-224-20100101,Corporate,1000.0,5.0,2019-12-30T00:00:00,2005-01-02T00:00:00,1000.0,BBB,Unknown,2,False,False,0,21.04312114989733
FINRA-FINRA-225-20100101,Corporate,1000.0,5.0,2019-12-30T00:00:00,2005-01-02T00:00:00,1000.0,BBB,Unknown,2,False,False,0,21.04312114989733
FINRA-FINRA-226-20100101,Corporate,1000.0,5.0,2019-12-30T00:00:00,2005-01-02T00:00:00,1000.0,BBB,Unknown,2,False,False,0,21.04312114989733
FINRA-FINRA-227-20100101,Corporate,1000.0,5.0,2019-12-30T00:00:00,2005-01-02T00:00:00,1000.0,BBB,Unknown,2,False,False,0,21.04312114989733
FINRA-FINRA-228-20100101,Corporate,1000.0,5.0,2019-12-30T00:00:00,2005-01-02T00:00:00,1000.0,BBB,Unknown,2,False,False,0,21.04312114989733
FINRA-FINRA-229-20100101,Corporate,1000.0,5.0,2019-12-30T00:00:00,2005-01-02T00:00:00,1000.0,BBB,Unknown,2,False,False,0,21.04312114989733
FINRA-FINRA-230-20100101,Corporate,1000.0,5.0,2019-12-30T00:00:00,2005-01-02T00:00:00,1000.0,BBB,Unknown,2,False,False,0,21.04312114989733
FINRA-FINRA-231-20100101,Corporate,1000.0,5.0,2019-12-30T00:00:00,2005-01-02T00:00:00,1000.0,BBB,Unknown,2,False,False,0,21.04312114989733
FINRA-FINRA-232-20100101,Corporate,1000.0,5.0,2019-12-30T00:00:00,2005-01-02T00:00:00,1000.0,BBB,Unknown,2,False,False,0,21.04312114989733
FINRA-FINRA-233-20100101,Corporate,1000.0,5.0,2019-12-30T00:00:00,2005-01-02T00:00:00,1000.0,BBB,Unknown,2,False,False,0,21.04312114989733
FINRA-FINRA-234-20100101,Corporate,1000.0,5.0,2019-12-30T00:00:00,2005-01-02T00:00:00,1000.0,BBB,Unknown,2,False,False,0,21.04312114989733
FINRA-FINRA-235-20100101,Corporate,1000.0,5.0,2019-12-30T00:00:00,2005-01-02T00:00:00,1000.0,BBB,Unknown,2,False,False,0,21.04312114989733
FINRA-FINRA-236-20100101,Corporate,1000.0,5.0,2019-12-30T00:00:00,2005-01-02T00:00:00,1000.0,BBB,Unknown,2,False,False,0,21.04312114989733
FINRA-FINRA-237-20100101,Corporate,1000.0,5.0,2019-12-30T00:00:00,2005-01-02T00:00:00,1000.0,BBB,Unknown,2,False,False,0,21.04312114989733
FINRA-FINRA-238-20100101,Corporate,1000.0,5.0,2019-12-30T00:00:00,2005-01-02T00:00:00,1000.0,BBB,Unknown,2,False,False,0,21.04312114989733
FINRA-FINRA-239-20100101,Corporate,1000.0,5.0,2019-12-30T00:00:00,2005-01-02T00:00:00,1000.0,BBB,Unknown,2,False,False,0,21.04312114989733
FINRA-FINRA-240-20100101,Corporate,1000.0,5.0,2019-12-30T00:00:00,2005-01-02T00:00:00,1000.0,BBB,Unknown,2,False,False,0,21.04312114989733
FINRA-FINRA-241-20100101,Corporate,1000.0,5.0,2019-12-30T00:00:00,2005-01-02T00:00:00,1000.0,BBB,Unknown,2,False,False,0,21.04312114989733
